word_index,word,word_phrase,senses,gold_image,gold_pos,gold_sense,prompt,generated_text,predicted_label
2,seat,I moved the seat closer to the window.,"{""n"": [""a space reserved for sitting (as in a theater or on a train or airplane)"", ""the fleshy part of the human body that you sit on"", ""furniture that is designed for sitting on"", ""any support where you can sit (especially the part of a chair or bench etc. on which you sit)"", ""a center of authority (as a city from which authority is exercised)"", ""the location (metaphorically speaking) where something is based"", ""the legal right to sit as a member in a legislative or similar body"", ""a part of a machine that supports or guides another part"", ""the cloth covering for the buttocks""], ""v"": [""show to a seat; assign a seat for"", ""be able to seat"", ""place ceremoniously or formally in an office or position"", ""put a seat on a chair"", ""provide with seats"", ""place or attach firmly in or on a base"", ""place in or on a seat""]}",image.4432.jpg,n,3.0,"Text Context: I moved the seat closer to the window.
Ambiguous Word: seat
---
Sense List:
 1. a space reserved for sitting (as in a theater or on a train or airplane)
 2. the fleshy part of the human body that you sit on
 3. furniture that is designed for sitting on
 4. any support where you can sit (especially the part of a chair or bench etc. on which you sit)
 5. a center of authority (as a city from which authority is exercised)
 6. the location (metaphorically speaking) where something is based
 7. the legal right to sit as a member in a legislative or similar body
 8. a part of a machine that supports or guides another part
 9. the cloth covering for the buttocks
---
Image Web Search Results:
The text explicitly states that the painting depicts ""Van Gogh's Chair"" and focuses on the details of the chair, including its ""seat"" which holds a pipe and tobacco tin. This confirms that ""seat"" in the context of the image refers to the surface of the chair where one sits. The description highlights the emotional weight given to this everyday object, suggesting the ""seat"" represents a place of rest and the artist's presence through absence.
The painting depicts Van Gogh’s chair with his pipe resting on its straw **seat**. The text specifically mentions the pipe is ""on its straw seat,"" clarifying that ""seat"" refers to the surface of the chair where one sits. The description also details the chair's rustic beauty and how it was painted to appear slightly turned outward.
The text discusses Van Gogh’s Chair and explains that the chair isn’t simply furniture, but represents a personal and cherished object. The author relates it to a chair belonging to their father that held significant memories after his passing, emphasizing how an empty chair can evoke feelings of loss and remembrance. In the context of Van Gogh’s painting, the chair represents the artist himself and his inner world, a “prosaic setting” intended to reveal his character. Therefore, when the context sentence refers to a ""seat,"" it aligns with the painting's depiction of a chair as more than just a place to sit – it's a symbol of presence, memory, and identity.
The ""seat"" in the context of the image refers to Van Gogh’s own chair, which he painted in December 1888. He also painted a chair belonging to Paul Gauguin, which was more elegant and intended for the guest room he furnished for Gauguin. Van Gogh’s chair is depicted with his pipe lying on it, representing his personality and love for homely comfort. The painting is currently housed in the National Gallery, London.
The context sentence ""I moved the seat closer to the window"" refers to a chair, and the image depicts ""Van Gogh's Chair."" The searched web content details the significance of this chair within the context of Van Gogh's relationship with Paul Gauguin. The chair represents Van Gogh himself, a simple and functional object embodying his presence, in contrast to Gauguin's more elegant armchair. The chair also symbolizes grief and emptiness following Gauguin's departure, and even a potential preventative measure against suicide (as pipes were recommended by Charles Dickens). Therefore, the ""seat"" in the sentence refers to this deeply symbolic chair, representing not just a place to sit, but Van Gogh's own presence, feelings, and the fractured friendship with Gauguin.
The image depicts Van Gogh’s chair, and the provided text discusses the significance of chairs in art, particularly in relation to absence and loss. The text references ""Van Gogh’s chair"" as a metaphor for a broader crisis and connects it to depictions of ""empty chairs"" representing grief and loss, as seen in Fildes’ engraving of Dickens’ vacant chair after his death. The chair in the image isn’t simply a piece of furniture but a symbolic representation of Van Gogh himself, his artistic outlook, and potentially, a sense of loneliness or absence. The text also highlights the contrast between Van Gogh’s functional chair and Gauguin’s more ornate one, using the chairs as a form of ""surrogate portraiture"" to represent their differing artistic perspectives. Therefore, the ""seat"" in the context sentence could be interpreted not just as a physical object but as a symbolic representation of Van Gogh's presence or absence.

---
You are an expert linguistic annotator. A specific target word found within the context of a given text, and a list of potential senses for that word are provided. Your task is to determine the correct sense by selecting the one that most directly aligns with the context and its background event.
---
Decision Logic & Rules
Follow these rules in order of priority to make your decision:

First, Use web search results to determine whether there is any background information associated with the given image that cannot be discerned solely from its visual elements. If such information exists, prioritize the sense that best fits this background information, even if it is not the most direct match for the visual content.

Directness of Meaning: If no additional background information can be obtained from the web search results, choose the sense that provides the most direct and specific fit for the visual and linguistic context. Even if a perfect match does not exist, select the sense that is the closest indirect match.
---
After all your reasoning is finished, read through the list of senses provided once again, carefully and in detail, one by one. Then, provide your final decision as the format 'A: [sense number]' and end your generation. In here, [sense number] is the index of your chosen sense from the provided list.
","The web search results consistently point to the ""seat"" referring to the surface of the chair where one sits, but also imbue it with symbolic meaning related to Van Gogh's presence, absence, and emotional state. The context ""I moved the seat closer to the window"" directly relates to physically repositioning the chair's sitting surface. While the chair itself holds symbolic weight, the action described is a physical one concerning the part of the chair designed for sitting. Therefore, sense 4 is the most appropriate.

A: 4",4.0
6,tympanum,"After the flight, my tympanum felt a little blocked.","{""n"": [""the main cavity of the ear; between the eardrum and the inner ear"", ""the membrane in the ear that vibrates to sound"", ""a large hemispherical brass or copper percussion instrument with a drumhead that can be tuned by adjusting the tension on it""]}",image.4472.jpg,n,1.0,"Text Context: After the flight, my tympanum felt a little blocked.
Ambiguous Word: tympanum
---
Sense List:
 1. the main cavity of the ear; between the eardrum and the inner ear
 2. the membrane in the ear that vibrates to sound
 3. a large hemispherical brass or copper percussion instrument with a drumhead that can be tuned by adjusting the tension on it
---
Image Web Search Results:
The searched web content consistently refers to the ""trompe d'Eustache,"" which is the French term for the Eustachian tube. The image clearly depicts the Eustachian tube (labeled as such in the provided entities). The context sentence describes a blocked feeling in the ""tympanum"" after a flight. This is relevant because changes in air pressure during flights commonly affect the Eustachian tube's ability to equalize pressure in the middle ear, leading to a sensation of fullness or blockage *felt* in the eardrum (tympanic membrane), which is closely associated with the tympanum. The Eustachian tube connects the middle ear to the nasopharynx, and its function is crucial for pressure regulation. Therefore, a blocked feeling after a flight is likely related to Eustachian tube dysfunction and its impact on the tympanic membrane.

---
You are an expert linguistic annotator. A specific target word found within the context of a given text, and a list of potential senses for that word are provided. Your task is to determine the correct sense by selecting the one that most directly aligns with the context and its background event.
---
Decision Logic & Rules
Follow these rules in order of priority to make your decision:

First, Use web search results to determine whether there is any background information associated with the given image that cannot be discerned solely from its visual elements. If such information exists, prioritize the sense that best fits this background information, even if it is not the most direct match for the visual content.

Directness of Meaning: If no additional background information can be obtained from the web search results, choose the sense that provides the most direct and specific fit for the visual and linguistic context. Even if a perfect match does not exist, select the sense that is the closest indirect match.
---
After all your reasoning is finished, read through the list of senses provided once again, carefully and in detail, one by one. Then, provide your final decision as the format 'A: [sense number]' and end your generation. In here, [sense number] is the index of your chosen sense from the provided list.
","The web search results indicate that the context of a blocked ""tympanum"" after a flight is related to the Eustachian tube and its effect on the eardrum (tympanic membrane). This suggests that the ""tympanum"" in this context refers to the membrane in the ear that vibrates to sound, as changes in air pressure affect this membrane.

Therefore, the most appropriate sense is:

A: 2",2.0
22,drill,We drill for a while every morning before breakfast.,"{""n"": [""a tool with a sharp point and cutting edges for making holes in hard materials (usually rotating rapidly or by repeated blows)"", ""similar to the mandrill but smaller and less brightly colored"", ""systematic training by multiple repetitions"", ""(military) the training of soldiers to march (as in ceremonial parades) or to perform the manual of arms""], ""v"": [""make a hole, especially with a pointed power or hand tool"", ""train in the military, e.g., in the use of weapons"", ""learn by repetition"", ""teach by repetition"", ""undergo military training or do military exercises""]}",image.4615.jpg,v,5.0,"Text Context: We drill for a while every morning before breakfast.
Ambiguous Word: drill
---
Sense List:
 1. make a hole, especially with a pointed power or hand tool
 2. train in the military, e.g., in the use of weapons
 3. learn by repetition
 4. teach by repetition
 5. undergo military training or do military exercises
---
Image Web Search Results:
The image depicts what appears to be a military or police training exercise. The file name ""ANCOP officers.jpg"" from Wikimedia Commons suggests the individuals in the image are likely Afghan National Civil Order Police (ANCOP) officers. The context sentence ""We drill for a while every morning before breakfast"" uses ""drill"" to mean practice or training, which aligns with the scene shown in the image – officers practicing procedures, potentially involving weapons and apprehension techniques. The image shows a training scenario, supporting the meaning of ""drill"" as a form of practice.

---
You are an expert linguistic annotator. A specific target word found within the context of a given text, and a list of potential senses for that word are provided. Your task is to determine the correct sense by selecting the one that most directly aligns with the context and its background event.
---
Decision Logic & Rules
Follow these rules in order of priority to make your decision:

First, Use web search results to determine whether there is any background information associated with the given image that cannot be discerned solely from its visual elements. If such information exists, prioritize the sense that best fits this background information, even if it is not the most direct match for the visual content.

Directness of Meaning: If no additional background information can be obtained from the web search results, choose the sense that provides the most direct and specific fit for the visual and linguistic context. Even if a perfect match does not exist, select the sense that is the closest indirect match.
---
After all your reasoning is finished, read through the list of senses provided once again, carefully and in detail, one by one. Then, provide your final decision as the format 'A: [sense number]' and end your generation. In here, [sense number] is the index of your chosen sense from the provided list.
","The web search results indicate the image depicts Afghan National Civil Order Police (ANCOP) officers in a training exercise. This background information strongly suggests that ""drill"" refers to military or police training. Therefore, sense 2, ""train in the military, e.g., in the use of weapons,"" and sense 5, ""undergo military training or do military exercises,"" are the most appropriate. Sense 5 is a more general form of sense 2, so sense 2 is the better fit.

A: 2",2.0
47,ecstasy,The sunset put her in ecstasy.,"{""n"": [""a state of being carried away by overwhelming emotion; - Charles Dickens"", ""a state of elated bliss"", ""street names for methylenedioxymethamphetamine""]}",image.4837.jpg,n,2.0,"Text Context: The sunset put her in ecstasy.
Ambiguous Word: ecstasy
---
Sense List:
 1. a state of being carried away by overwhelming emotion; - Charles Dickens
 2. a state of elated bliss
 3. street names for methylenedioxymethamphetamine
---
Image Web Search Results:

---
You are an expert linguistic annotator. A specific target word found within the context of a given text, and a list of potential senses for that word are provided. Your task is to determine the correct sense by selecting the one that most directly aligns with the context and its background event.
---
Decision Logic & Rules
Follow these rules in order of priority to make your decision:

First, Use web search results to determine whether there is any background information associated with the given image that cannot be discerned solely from its visual elements. If such information exists, prioritize the sense that best fits this background information, even if it is not the most direct match for the visual content.

Directness of Meaning: If no additional background information can be obtained from the web search results, choose the sense that provides the most direct and specific fit for the visual and linguistic context. Even if a perfect match does not exist, select the sense that is the closest indirect match.
---
After all your reasoning is finished, read through the list of senses provided once again, carefully and in detail, one by one. Then, provide your final decision as the format 'A: [sense number]' and end your generation. In here, [sense number] is the index of your chosen sense from the provided list.
","The image depicts a woman looking upwards with her hands clasped to her chest, a look of intense emotion on her face. The text states ""The sunset put her in ecstasy."" Considering the image and the text, the most fitting sense of ""ecstasy"" is a state of being carried away by overwhelming emotion or elated bliss. The woman's expression and posture suggest a profound emotional experience, likely inspired by the beauty of the sunset. The third sense, relating to a drug, is completely irrelevant to the image and context.

A: 1",1.0
87,mortar,The mortar was on the shelf in the back room.,"{""n"": [""a muzzle-loading high-angle gun with a short barrel that fires shells at high elevations for a short range"", ""used as a bond in masonry or for covering a wall"", ""a bowl-shaped vessel in which substances can be ground and mixed with a pestle""], ""v"": [""plaster with mortar""]}",image.5197.jpg,n,2.0,"Text Context: The mortar was on the shelf in the back room.
Ambiguous Word: mortar
---
Sense List:
 1. a muzzle-loading high-angle gun with a short barrel that fires shells at high elevations for a short range
 2. used as a bond in masonry or for covering a wall
 3. a bowl-shaped vessel in which substances can be ground and mixed with a pestle
---
Image Web Search Results:
The word ""mortar"" can refer to the material used in masonry construction *or* to a substance used for grinding and mixing ingredients, like in a pharmacy or kitchen. The searched web content details the former – mortar as a mixture of sand, cement/lime, and water used to bind bricks or stones together (as seen in the image). However, the context sentence ""The mortar was on the shelf in the back room"" suggests the latter meaning – a tool for grinding. The web content doesn't provide information about this second usage of ""mortar,"" but it clarifies that the material shown in the image is a type of masonry mortar.
The image shows mortar *between* bricks in a brick wall. The searched web content consistently defines ""mortar"" as the paste used to bind bricks, stones, or other building materials together. This contrasts with the context sentence (""The mortar was on the shelf in the back room""), which implies mortar as a substance *contained* somewhere, like a jar or bucket. 

Therefore, the image depicts the structural use of mortar in masonry, while the sentence refers to mortar as a material awaiting use. The web content confirms that mortar is a key component in bricklaying and building construction, acting as the ""glue"" that holds building blocks together. The YouTube videos demonstrate how mortar is spread and mixed for this purpose.

---
You are an expert linguistic annotator. A specific target word found within the context of a given text, and a list of potential senses for that word are provided. Your task is to determine the correct sense by selecting the one that most directly aligns with the context and its background event.
---
Decision Logic & Rules
Follow these rules in order of priority to make your decision:

First, Use web search results to determine whether there is any background information associated with the given image that cannot be discerned solely from its visual elements. If such information exists, prioritize the sense that best fits this background information, even if it is not the most direct match for the visual content.

Directness of Meaning: If no additional background information can be obtained from the web search results, choose the sense that provides the most direct and specific fit for the visual and linguistic context. Even if a perfect match does not exist, select the sense that is the closest indirect match.
---
After all your reasoning is finished, read through the list of senses provided once again, carefully and in detail, one by one. Then, provide your final decision as the format 'A: [sense number]' and end your generation. In here, [sense number] is the index of your chosen sense from the provided list.
","The web search results highlight an ambiguity: ""mortar"" can refer to a building material *or* a grinding tool. The image clearly shows mortar *as a building material* between bricks. However, the context sentence ""The mortar was on the shelf in the back room"" suggests the grinding tool sense, as it implies a container holding something. The web search results confirm this distinction and state that the context sentence suggests the latter meaning.

Therefore, despite the image depicting the building material sense, the context sentence points towards the grinding tool sense.

A: 3",3.0
155,dummy,"At the end of the day, she moved the dummy to the back room.","{""n"": [""a person who does not talk"", ""an ignorant or foolish person"", ""a figure representing the human form"", ""a cartridge containing an explosive charge but no bullet""], ""v"": [""make a dummy of""], ""a"": [""having the appearance of being real but lacking capacity to function""]}",image.5775.jpg,n,3.0,"Text Context: At the end of the day, she moved the dummy to the back room.
Ambiguous Word: dummy
---
Sense List:
 1. a person who does not talk
 2. an ignorant or foolish person
 3. a figure representing the human form
 4. a cartridge containing an explosive charge but no bullet
---
Image Web Search Results:
The searched web content indicates that ""dummy"" can refer to a ""pacifier"" (as shown in the image) or a ""sucette"" (French for lollipop). The Wiktionary entry for ""pacifier"" confirms this meaning. Given the image depicts a pacifier, the context sentence ""At the end of the day, she moved the dummy to the back room"" likely refers to a baby's pacifier being moved, rather than a lollipop or a person being called a dummy.

---
You are an expert linguistic annotator. A specific target word found within the context of a given text, and a list of potential senses for that word are provided. Your task is to determine the correct sense by selecting the one that most directly aligns with the context and its background event.
---
Decision Logic & Rules
Follow these rules in order of priority to make your decision:

First, Use web search results to determine whether there is any background information associated with the given image that cannot be discerned solely from its visual elements. If such information exists, prioritize the sense that best fits this background information, even if it is not the most direct match for the visual content.

Directness of Meaning: If no additional background information can be obtained from the web search results, choose the sense that provides the most direct and specific fit for the visual and linguistic context. Even if a perfect match does not exist, select the sense that is the closest indirect match.
---
After all your reasoning is finished, read through the list of senses provided once again, carefully and in detail, one by one. Then, provide your final decision as the format 'A: [sense number]' and end your generation. In here, [sense number] is the index of your chosen sense from the provided list.
","The image clearly shows a baby's pacifier. The web search results confirm that ""dummy"" can indeed refer to a pacifier. The context sentence describes moving the ""dummy"" to another room, which is a common action for a parent with a baby's pacifier. Therefore, the most appropriate sense of ""dummy"" in this context is a pacifier.

A: 1",1.0
160,treat,I treated the wood before bringing it inside.,"{""n"": [""something considered choice to eat"", ""an occurrence that causes special pleasure or delight""], ""v"": [""interact in a certain way"", ""subject to a process or treatment, with the aim of readying for some purpose, improving, or remedying a condition"", ""provide treatment for"", ""act on verbally or in some form of artistic expression"", ""provide with a gift or entertainment"", ""provide with choice or abundant food or drink"", ""engage in negotiations in order to reach an agreement"", ""regard or consider in a specific way""]}",image.5812.jpg,v,2.0,"Text Context: I treated the wood before bringing it inside.
Ambiguous Word: treat
---
Sense List:
 1. interact in a certain way
 2. subject to a process or treatment, with the aim of readying for some purpose, improving, or remedying a condition
 3. provide treatment for
 4. act on verbally or in some form of artistic expression
 5. provide with a gift or entertainment
 6. provide with choice or abundant food or drink
 7. engage in negotiations in order to reach an agreement
 8. regard or consider in a specific way
---
Image Web Search Results:
The searched web content discusses hospitals and healthcare services, including ""specialized treatments for various medical conditions."" Given the image depicts a hospital setting and a doctor attending to a patient, the word ""treat"" in the context sentence (""I treated the wood before bringing it inside."") has a different meaning than the ""treat"" referring to medical care within the image. The web content confirms that hospitals provide treatments, aligning with the scene in the image where a healthcare professional is likely providing treatment to the patient.
The searched web content discusses hospitals and medical treatments. Given the image depicts a hospital setting and a doctor attending to a patient, the word ""treat"" in the context sentence (""I treated the wood before bringing it inside."") has a different meaning than the ""treatments for various medical conditions"" mentioned in the web content. The context sentence refers to applying a substance to wood for preservation, while the image relates to medical care and treatment of a patient. Therefore, the web content provides context for understanding the medical sense of ""treat"" as it relates to the image, highlighting that hospitals provide various treatments for medical conditions.
The image depicts a hospital setting. The word ""treat"" can mean to provide medical care. Given the hospital context, it's possible the image shows a doctor treating a patient, which aligns with a medical definition of ""treat."" The web content lists numerous hospitals in Corpus Christi, Texas, further reinforcing the medical context.

---
You are an expert linguistic annotator. A specific target word found within the context of a given text, and a list of potential senses for that word are provided. Your task is to determine the correct sense by selecting the one that most directly aligns with the context and its background event.
---
Decision Logic & Rules
Follow these rules in order of priority to make your decision:

First, Use web search results to determine whether there is any background information associated with the given image that cannot be discerned solely from its visual elements. If such information exists, prioritize the sense that best fits this background information, even if it is not the most direct match for the visual content.

Directness of Meaning: If no additional background information can be obtained from the web search results, choose the sense that provides the most direct and specific fit for the visual and linguistic context. Even if a perfect match does not exist, select the sense that is the closest indirect match.
---
After all your reasoning is finished, read through the list of senses provided once again, carefully and in detail, one by one. Then, provide your final decision as the format 'A: [sense number]' and end your generation. In here, [sense number] is the index of your chosen sense from the provided list.
","The image clearly depicts a medical setting with a doctor attending to a patient. The web search results confirm this, highlighting hospitals and medical treatments. While the context sentence refers to treating wood, the image strongly suggests the medical sense of ""treat"" is relevant here. Sense 2, ""subject to a process or treatment, with the aim of readying for some purpose, improving, or remedying a condition,"" and sense 3, ""provide treatment for,"" both fit the image. Sense 3 is more direct as it describes the doctor *providing* treatment.

A: 3",3.0
177,folder,She carried a folder home from the store.,"{""n"": [""a small book usually having a paper cover"", ""covering that is folded over to protect the contents""]}",image.423.jpg,n,1.0,"Text Context: She carried a folder home from the store.
Ambiguous Word: folder
---
Sense List:
 1. a small book usually having a paper cover
 2. covering that is folded over to protect the contents
---
Image Web Search Results:
The searched web content consistently refers to ""directory"" and ""folder"" as synonymous terms relating to computer file organization. Several sources (Wikipedia, YouTube videos on operating systems, and Wikimedia Commons categories) demonstrate that a ""folder"" in computing is a way to organize files and other folders within a file system. The image depicts a hierarchical structure of folders and files, visually representing this computer science concept of a directory structure. This clarifies that the ""folder"" in the image refers to a digital folder used for organizing computer files, contrasting with the physical folder mentioned in the context sentence (""She carried a folder home from the store.""). The image illustrates the computing definition of a folder.

---
You are an expert linguistic annotator. A specific target word found within the context of a given text, and a list of potential senses for that word are provided. Your task is to determine the correct sense by selecting the one that most directly aligns with the context and its background event.
---
Decision Logic & Rules
Follow these rules in order of priority to make your decision:

First, Use web search results to determine whether there is any background information associated with the given image that cannot be discerned solely from its visual elements. If such information exists, prioritize the sense that best fits this background information, even if it is not the most direct match for the visual content.

Directness of Meaning: If no additional background information can be obtained from the web search results, choose the sense that provides the most direct and specific fit for the visual and linguistic context. Even if a perfect match does not exist, select the sense that is the closest indirect match.
---
After all your reasoning is finished, read through the list of senses provided once again, carefully and in detail, one by one. Then, provide your final decision as the format 'A: [sense number]' and end your generation. In here, [sense number] is the index of your chosen sense from the provided list.
","The web search results clearly indicate that ""folder"" in the context of the image refers to a digital folder used for organizing computer files, a concept synonymous with ""directory"" in computing. This contrasts with the physical ""folder"" mentioned in the text (""She carried a folder home from the store.""). The image depicts a hierarchical structure of folders and files, visually representing this computer science concept. Therefore, the correct sense is not directly represented in the provided sense list, which focuses on physical folders. However, given the context established by the web search, we must choose the sense that is *closest* to this understanding. Neither sense directly addresses the digital file organization concept. Sense 1 (""a small book usually having a paper cover"") and Sense 2 (""covering that is folded over to protect the contents"") both refer to physical folders. However, since the image clearly depicts a computer file structure, and the web search confirms this, we must select the sense that is least contradictory to this understanding. In this case, both senses are equally distant from the correct meaning. However, since the image shows a structure *containing* things, sense 2, which refers to a covering *protecting* contents, is slightly more aligned with the image's depiction of a container.

However, the web search results strongly suggest that the image represents a computer directory structure. Given the provided senses, neither is a good fit. But, considering the image and the web search results, the closest sense is the one that implies containment.

A: 2",2.0
193,try,Try the soup and let me know what you think.,"{""n"": [""earnest and conscientious activity intended to do or accomplish something""], ""v"": [""make an effort or attempt"", ""put to the test, as for its quality, or give experimental use to"", ""put on trial or hear a case and sit as the judge at the trial of"", ""take a sample of"", ""examine or hear (evidence or a case) by judicial process"", ""give pain or trouble to"", ""test the limits of"", ""melt (fat or lard) in order to separate out impurities"", ""put on a garment in order to see whether it fits and looks nice""]}",image.6073.jpg,v,4.0,"Text Context: Try the soup and let me know what you think.
Ambiguous Word: try
---
Sense List:
 1. make an effort or attempt
 2. put to the test, as for its quality, or give experimental use to
 3. put on trial or hear a case and sit as the judge at the trial of
 4. take a sample of
 5. examine or hear (evidence or a case) by judicial process
 6. give pain or trouble to
 7. test the limits of
 8. melt (fat or lard) in order to separate out impurities
 9. put on a garment in order to see whether it fits and looks nice
---
Image Web Search Results:

---
You are an expert linguistic annotator. A specific target word found within the context of a given text, and a list of potential senses for that word are provided. Your task is to determine the correct sense by selecting the one that most directly aligns with the context and its background event.
---
Decision Logic & Rules
Follow these rules in order of priority to make your decision:

First, Use web search results to determine whether there is any background information associated with the given image that cannot be discerned solely from its visual elements. If such information exists, prioritize the sense that best fits this background information, even if it is not the most direct match for the visual content.

Directness of Meaning: If no additional background information can be obtained from the web search results, choose the sense that provides the most direct and specific fit for the visual and linguistic context. Even if a perfect match does not exist, select the sense that is the closest indirect match.
---
After all your reasoning is finished, read through the list of senses provided once again, carefully and in detail, one by one. Then, provide your final decision as the format 'A: [sense number]' and end your generation. In here, [sense number] is the index of your chosen sense from the provided list.
","The image shows a man holding a glass of wine and looking at the camera with a slightly skeptical expression. Another man is visible in the background. The text is ""Try the soup and let me know what you think.""

The word ""try"" in this context means to taste or sample the soup to assess its quality. This aligns with sense 2: ""put to the test, as for its quality, or give experimental use to"" and sense 4: ""take a sample of"". Sense 2 is a more encompassing definition that includes tasting for quality.

A: 2",2.0
209,dressing,I was dressing the salad when the guests arrived.,"{""n"": [""savory dressings for salads; basically of two kinds: either the thin French or vinaigrette type or the creamy mayonnaise type"", ""a mixture of seasoned ingredients used to stuff meats and vegetables"", ""making fertile as by applying fertilizer or manure"", ""a cloth covering for a wound or sore"", ""processes in the conversion of rough hides into leather"", ""the activity of getting dressed; putting on clothes"", ""the act of applying a bandage""], ""v"": [""put on clothes"", ""provide with clothes or put clothes on"", ""put a finish on"", ""dress in a certain manner"", ""dress or groom with elaborate care"", ""kill and prepare for market or consumption"", ""arrange in ranks"", ""decorate (food), as with parsley or other ornamental foods"", ""provide with decoration"", ""put a dressing on"", ""cultivate, tend, and cut back the growth of"", ""cut down rough-hewn (lumber) to standard thickness and width"", ""convert into leather"", ""apply a bandage or medication to"", ""give a neat appearance to"", ""arrange attractively""]}",image.6203.jpg,v,10.0,"Text Context: I was dressing the salad when the guests arrived.
Ambiguous Word: dressing
---
Sense List:
 1. put on clothes
 2. provide with clothes or put clothes on
 3. put a finish on
 4. dress in a certain manner
 5. dress or groom with elaborate care
 6. kill and prepare for market or consumption
 7. arrange in ranks
 8. decorate (food), as with parsley or other ornamental foods
 9. provide with decoration
 10. put a dressing on
 11. cultivate, tend, and cut back the growth of
 12. cut down rough-hewn (lumber) to standard thickness and width
 13. convert into leather
 14. apply a bandage or medication to
 15. give a neat appearance to
 16. arrange attractively
---
Image Web Search Results:
The word ""dressing"" in the context sentence refers to adding a sauce or seasoning to a salad. However, the image depicts a person working in a field, seemingly applying a substance to the soil. The searched web content defines ""fertilizer"" as a substance added to soil to help plants grow, containing essential nutrients like nitrogen, phosphorus, and potassium. This aligns with the image, suggesting the person is ""dressing"" the field with fertilizer – a different meaning of ""dressing"" than in the original sentence. The image illustrates the agricultural use of ""dressing"" as applying fertilizer, while the sentence refers to culinary use.
The image shows a person applying fertilizer to a field of young corn plants. The ambiguous word ""dressing"" in the context sentence ""I was dressing the salad when the guests arrived"" refers to adding a sauce or seasoning to the salad. However, in the image, ""dressing"" refers to applying fertilizer to the crops, which is a common agricultural practice. The searched web content confirms that fertilizer is a substance added to soil to promote plant growth, providing essential nutrients. This aligns with the image showing someone actively applying a substance (fertilizer) to the field to help the crops grow. Therefore, the image depicts a different meaning of ""dressing"" than the one in the context sentence – one related to agriculture rather than food preparation.

---
You are an expert linguistic annotator. A specific target word found within the context of a given text, and a list of potential senses for that word are provided. Your task is to determine the correct sense by selecting the one that most directly aligns with the context and its background event.
---
Decision Logic & Rules
Follow these rules in order of priority to make your decision:

First, Use web search results to determine whether there is any background information associated with the given image that cannot be discerned solely from its visual elements. If such information exists, prioritize the sense that best fits this background information, even if it is not the most direct match for the visual content.

Directness of Meaning: If no additional background information can be obtained from the web search results, choose the sense that provides the most direct and specific fit for the visual and linguistic context. Even if a perfect match does not exist, select the sense that is the closest indirect match.
---
After all your reasoning is finished, read through the list of senses provided once again, carefully and in detail, one by one. Then, provide your final decision as the format 'A: [sense number]' and end your generation. In here, [sense number] is the index of your chosen sense from the provided list.
","The web search results highlight a crucial distinction: the word ""dressing"" has different meanings depending on the context. The sentence refers to preparing a salad, while the image depicts agricultural activity – specifically, applying fertilizer to a field. The search results define fertilizer as a substance used to promote plant growth, aligning with the image. Therefore, the image illustrates a different sense of ""dressing"" than the one in the sentence.

Considering this, the most appropriate sense from the list is the one related to cultivating or tending to growth. Sense 11, ""cultivate, tend, and cut back the growth of,"" is the closest match, even though it also includes ""cut back,"" which isn't directly visible in the image. The action of applying fertilizer is a form of tending to the growth of the crops.

A: 11",11.0
218,caper,"At the market, I picked up a caper.","{""n"": [""any of numerous plants of the genus Capparis"", ""pickled flower buds used as a pungent relish in various dishes and sauces"", ""a crime (especially a robbery)"", ""a playful leap or hop"", ""gay or light-hearted recreational activity for diversion or amusement"", ""a ludicrous or grotesque act done for fun and amusement""], ""v"": [""jump about playfully""]}",image.6282.jpg,n,1.0,"Text Context: At the market, I picked up a caper.
Ambiguous Word: caper
---
Sense List:
 1. any of numerous plants of the genus Capparis
 2. pickled flower buds used as a pungent relish in various dishes and sauces
 3. a crime (especially a robbery)
 4. a playful leap or hop
 5. gay or light-hearted recreational activity for diversion or amusement
 6. a ludicrous or grotesque act done for fun and amusement
---
Image Web Search Results:
The Instagram post references a ""caper berry plant"" and its development ""from flower buds to seed pods."" This directly relates to the image, which depicts a caper bush (Capparis spinosa) showing its leaves, flower, buds, and seed pods. The ""caper"" someone picks up at the market is typically the unopen flower bud of this plant, which is pickled and used as a seasoning. The image illustrates the source of this culinary item.
The image depicts a caper bush (Capparis spinosa), and the searched web content confirms that capers come from this plant. The context sentence refers to picking up a caper *at the market*, which likely refers to the pickled flower buds of this plant, a common culinary ingredient. The web content also suggests that the plant itself is ""hard-to-find,"" implying that commercially available capers are often not directly sourced from home gardens.
The image depicts a caper bush (Capparis spinosa), and the searched web content confirms that ""caper"" refers not only to the fruit but also to the flower buds which are commonly eaten. Therefore, when someone says they picked up a ""caper"" at the market, it could refer to either the pickled caper berries or the pickled flower buds, both of which come from this plant. The image illustrates the plant from which both are derived.

---
You are an expert linguistic annotator. A specific target word found within the context of a given text, and a list of potential senses for that word are provided. Your task is to determine the correct sense by selecting the one that most directly aligns with the context and its background event.
---
Decision Logic & Rules
Follow these rules in order of priority to make your decision:

First, Use web search results to determine whether there is any background information associated with the given image that cannot be discerned solely from its visual elements. If such information exists, prioritize the sense that best fits this background information, even if it is not the most direct match for the visual content.

Directness of Meaning: If no additional background information can be obtained from the web search results, choose the sense that provides the most direct and specific fit for the visual and linguistic context. Even if a perfect match does not exist, select the sense that is the closest indirect match.
---
After all your reasoning is finished, read through the list of senses provided once again, carefully and in detail, one by one. Then, provide your final decision as the format 'A: [sense number]' and end your generation. In here, [sense number] is the index of your chosen sense from the provided list.
","The web search results strongly indicate that the ""caper"" in the context refers to the pickled flower buds of the *Capparis spinosa* plant, which is depicted in the image. The image shows the plant's flower buds, and the search results confirm that these are what are commonly sold as ""capers"" in markets. While the plant itself (sense 1) is shown, and the seeds (which could be considered berries) are also visible, the context of *picking up a caper at the market* points specifically to the processed flower bud.

A: 2",2.0
233,bat,I bat at the park on Saturdays.,"{""n"": [""nocturnal mouselike mammal with forelimbs modified to form membranous wings and anatomical adaptations for echolocation by which they navigate"", ""(baseball) a turn trying to get a hit"", ""a small racket with a long handle used for playing squash"", ""the club used in playing cricket"", ""a club used for hitting a ball in various games""], ""v"": [""strike with, or as if with a baseball bat"", ""wink briefly"", ""have a turn at bat"", ""use a bat"", ""beat thoroughly and conclusively in a competition or fight""]}",image.6393.jpg,v,4.0,"Text Context: I bat at the park on Saturdays.
Ambiguous Word: bat
---
Sense List:
 1. strike with, or as if with a baseball bat
 2. wink briefly
 3. have a turn at bat
 4. use a bat
 5. beat thoroughly and conclusively in a competition or fight
---
Image Web Search Results:
The searched web content provides definitions and examples of ""bat"" as it relates to baseball. Specifically, it mentions ""at-bats"" multiple times, referring to a player's turns batting. The content also includes examples of batting statistics like hitting averages and home runs, which are directly related to the activity of batting in a baseball game, as depicted in the image.
The image depicts a baseball game, and the context sentence ""I bat at the park on Saturdays"" refers to the act of swinging a bat to hit a baseball. The searched web content confirms that ""bat"" has multiple meanings, but one common meaning relates to baseball – a wooden or metal club used to hit the ball. The ""At bat"" Wikipedia entry further clarifies this usage within the context of the game. Therefore, the image illustrates the baseball-related meaning of ""bat"" as used in the sentence.

---
You are an expert linguistic annotator. A specific target word found within the context of a given text, and a list of potential senses for that word are provided. Your task is to determine the correct sense by selecting the one that most directly aligns with the context and its background event.
---
Decision Logic & Rules
Follow these rules in order of priority to make your decision:

First, Use web search results to determine whether there is any background information associated with the given image that cannot be discerned solely from its visual elements. If such information exists, prioritize the sense that best fits this background information, even if it is not the most direct match for the visual content.

Directness of Meaning: If no additional background information can be obtained from the web search results, choose the sense that provides the most direct and specific fit for the visual and linguistic context. Even if a perfect match does not exist, select the sense that is the closest indirect match.
---
After all your reasoning is finished, read through the list of senses provided once again, carefully and in detail, one by one. Then, provide your final decision as the format 'A: [sense number]' and end your generation. In here, [sense number] is the index of your chosen sense from the provided list.
","The image clearly shows a baseball game in progress, with a batter swinging at a pitch. The context sentence states ""I bat at the park on Saturdays,"" which aligns perfectly with the visual depiction of someone participating in the act of batting in a baseball game. The web search results confirm that ""bat"" is commonly used in the context of baseball to refer to a player's turn at bat or the act of hitting the ball with a bat.

Therefore, the most appropriate sense of ""bat"" in this context is the one related to baseball.

A: 3",3.0
236,flip,"If we can’t decide, we’ll just flip and go.","{""n"": [""an acrobatic feat in which the feet roll over the head (either forward or backward) and return"", ""hot or cold alcoholic mixed drink containing a beaten egg"", ""a sudden, quick movement"", ""the act of flipping a coin"", ""a dive in which the diver somersaults before entering the water"", ""(sports) the act of throwing the ball to another member of your team""], ""v"": [""lightly throw to see which side comes up"", ""cause to go on or to be engaged or set in operation"", ""look through a book or other written material"", ""toss with a sharp movement so as to cause to turn over in the air"", ""cause to move with a flick"", ""throw or toss with a light motion"", ""move with a flick or light motion"", ""turn upside down, or throw so as to reverse"", ""react in an excited, delighted, or surprised way"", ""go mad, go crazy"", ""reverse (a direction, attitude, or course of action)""], ""a"": [""marked by casual disrespect""]}",image.6419.jpg,v,1.0,"Text Context: If we can’t decide, we’ll just flip and go.
Ambiguous Word: flip
---
Sense List:
 1. lightly throw to see which side comes up
 2. cause to go on or to be engaged or set in operation
 3. look through a book or other written material
 4. toss with a sharp movement so as to cause to turn over in the air
 5. cause to move with a flick
 6. throw or toss with a light motion
 7. move with a flick or light motion
 8. turn upside down, or throw so as to reverse
 9. react in an excited, delighted, or surprised way
 10. go mad, go crazy
 11. reverse (a direction, attitude, or course of action)
---
Image Web Search Results:
The context of the image relates to a pivotal moment in the 1936 Ashes series between England and Australia, featuring Don Bradman and Gubby Allen. The text details how Allen, the England captain, made a strategic decision to declare England's innings closed without adding to their score of 426/6, anticipating a ""sticky wicket"" – a pitch made treacherous by rain. This decision was a gamble, relying on the unpredictable bounce of the drying pitch to dismiss the Australian batsmen, including Bradman. Bradman was out for a golden duck (first ball) in that innings, a significant event given his reputation as the greatest batsman. While the text doesn't directly mention a ""flip"" as in a coin toss, Allen's decision to declare could be seen as a high-stakes gamble, a quick decision made based on conditions – a situation where ""flipping a coin"" to decide could represent a similar level of chance and rapid decision-making. The image captures a moment of discussion between the two captains, potentially related to the unfolding events and the impact of the pitch conditions.
The context describes a highly unusual moment in a Test match where both captains, Don Bradman and Gubby Allen, declared their innings. Allen, frustrated with Bradman’s tactic of wasting time by bowling wide and setting a defensive field to avoid losing the last wicket before the rest day, effectively “declared” his innings by walking off the field with his partner. Bradman was initially confused and had to confirm with the umpires if Allen had actually declared. The act of Allen walking off the field can be interpreted as a quick, decisive action – a “flip” in strategy or a sudden change in approach – mirroring the sense of a quick decision implied in the sentence ""If we can’t decide, we’ll just flip and go."" It represents a spontaneous, almost impulsive move by Allen.
The context of the image, featuring Don Bradman and Gubby Allen, likely relates to a crucial decision-making moment during the 1936-37 Ashes series. The web content details a series where Australia came back from being 0-2 down to win 3-2, a feat unmatched in nearly 90 years of Test cricket. Bradman, as captain, faced criticism and adversity but consistently found a way to win. The phrase ""flip and go"" suggests a quick, decisive method for resolving a disagreement, perhaps about strategy or team selection, which would have been a frequent occurrence for Bradman as captain during such a challenging and pivotal series. The image could depict a moment where Bradman and Allen were discussing a critical decision, and if they couldn't agree, they would ""flip"" (likely meaning toss a coin) to decide.

---
You are an expert linguistic annotator. A specific target word found within the context of a given text, and a list of potential senses for that word are provided. Your task is to determine the correct sense by selecting the one that most directly aligns with the context and its background event.
---
Decision Logic & Rules
Follow these rules in order of priority to make your decision:

First, Use web search results to determine whether there is any background information associated with the given image that cannot be discerned solely from its visual elements. If such information exists, prioritize the sense that best fits this background information, even if it is not the most direct match for the visual content.

Directness of Meaning: If no additional background information can be obtained from the web search results, choose the sense that provides the most direct and specific fit for the visual and linguistic context. Even if a perfect match does not exist, select the sense that is the closest indirect match.
---
After all your reasoning is finished, read through the list of senses provided once again, carefully and in detail, one by one. Then, provide your final decision as the format 'A: [sense number]' and end your generation. In here, [sense number] is the index of your chosen sense from the provided list.
","The web search results provide crucial context: the image depicts a moment between Don Bradman and Gubby Allen during a Test match where Allen made a surprising decision to effectively declare his innings by walking off the field. This was a quick, decisive action taken due to frustration with Bradman's tactics. The phrase ""If we can’t decide, we’ll just flip and go"" is interpreted as a way to resolve a disagreement quickly, potentially by tossing a coin.

Considering this context, sense 4 (""toss with a sharp movement so as to cause to turn over in the air"") and sense 6 (""throw or toss with a light motion"") are the most relevant. However, sense 4 is more precise as it implies a quick decision-making process, mirroring Allen's impulsive action. The ""flip"" isn't about physically flipping something visible in the image, but rather a metaphorical coin toss to resolve a disagreement.

Therefore, the best sense is 4.

A: 4",4.0
254,earthnut,"At the farmers’ market, I bought an earthnut for dinner.","{""n"": [""any of various highly prized edible subterranean fungi of the genus Tuber; grow naturally in southwestern Europe"", ""a common European plant having edible tubers with the flavor of roasted chestnuts"", ""pod of the peanut vine containing usually 2 nuts or seeds; `groundnut' and `monkey nut' are British terms"", ""edible subterranean fungus of the genus Tuber""]}",image.6583.jpg,n,4.0,"Text Context: At the farmers’ market, I bought an earthnut for dinner.
Ambiguous Word: earthnut
---
Sense List:
 1. any of various highly prized edible subterranean fungi of the genus Tuber; grow naturally in southwestern Europe
 2. a common European plant having edible tubers with the flavor of roasted chestnuts
 3. pod of the peanut vine containing usually 2 nuts or seeds; `groundnut' and `monkey nut' are British terms
 4. edible subterranean fungus of the genus Tuber
---
Image Web Search Results:
The image depicts a Piedmont white truffle (also known as *Tuber magnatum*), a highly valued edible fungus. The term ""earthnut"" can be an alternative, though less common, name for truffles. The web content confirms that white truffles are found in regions like Piedmont, Italy, and are prized for their unique and potent aroma and flavor, making them a desirable purchase at a farmers’ market. They are typically found growing symbiotically with trees like oak and hazel, and are harvested in the autumn. The description of the truffle's flesh (pale cream or brown with white marbling) aligns with the appearance of the truffle in the image.
The image depicts a Piedmont white truffle (Tuber magnatum), a highly prized and expensive edible fungus. The term ""earthnut"" is likely a colloquial or regional name for this truffle, as it is a subterranean fungus found in the earth. The web content details the characteristics of the Piedmont white truffle, including its appearance, aroma, flavor, habitat, and culinary uses. It is often used raw as a finishing touch to dishes like pasta, eggs, or risotto due to its delicate flavor which is lost when cooked. The truffle is a seasonal delicacy, available from late September to late November/early December.
The searched web content consistently refers to ""white truffles"" and provides recipes utilizing them. While the context sentence uses ""earthnut,"" this is likely a regional or colloquial term for a truffle, specifically a white truffle, given the image depicts a Piedmont white truffle. The recipes detail how to prepare and serve white truffles, indicating they are a culinary ingredient purchased at markets and used in meals – aligning with the context sentence's scenario of buying an ""earthnut"" for dinner.
The image depicts a *Tuber magnatum*, commonly known as a white truffle. The search results consistently refer to *Tuber magnatum* as ""white truffle"" and highlight its value and discovery. While ""earthnut"" is an archaic or regional name for truffle, the image and search results confirm that the ""earthnut"" purchased at the farmer's market is likely a white truffle, a highly prized culinary ingredient.

---
You are an expert linguistic annotator. A specific target word found within the context of a given text, and a list of potential senses for that word are provided. Your task is to determine the correct sense by selecting the one that most directly aligns with the context and its background event.
---
Decision Logic & Rules
Follow these rules in order of priority to make your decision:

First, Use web search results to determine whether there is any background information associated with the given image that cannot be discerned solely from its visual elements. If such information exists, prioritize the sense that best fits this background information, even if it is not the most direct match for the visual content.

Directness of Meaning: If no additional background information can be obtained from the web search results, choose the sense that provides the most direct and specific fit for the visual and linguistic context. Even if a perfect match does not exist, select the sense that is the closest indirect match.
---
After all your reasoning is finished, read through the list of senses provided once again, carefully and in detail, one by one. Then, provide your final decision as the format 'A: [sense number]' and end your generation. In here, [sense number] is the index of your chosen sense from the provided list.
","The web search results strongly indicate that ""earthnut"" is a less common or regional name for a truffle, specifically a white truffle (*Tuber magnatum*). The image clearly depicts a truffle, and the context mentions buying it at a farmer's market for dinner, which aligns with the culinary use described in the search results. Therefore, the most appropriate sense is one relating to truffles.

Considering the senses provided:

1. any of various highly prized edible subterranean fungi of the genus Tuber; grow naturally in southwestern Europe - This is a good fit, as it directly mentions truffles.
2. a common European plant having edible tubers with the flavor of roasted chestnuts - This refers to a different plant and doesn't match the image.
3. pod of the peanut vine containing usually 2 nuts or seeds; `groundnut' and `monkey nut' are British terms - This refers to peanuts, which are not depicted in the image.
4. edible subterranean fungus of the genus Tuber - This is also a good fit, similar to sense 1.

Between senses 1 and 4, sense 1 is slightly more descriptive and provides additional context about where truffles grow, which is supported by the web search results.

A: 1",1.0
256,beans,"After the long meeting, my beans were fried.","{""n"": [""any of various edible seeds of plants of the family Leguminosae used for food"", ""any of various seeds or fruits that are beans or resemble beans"", ""any of various leguminous plants grown for their edible seeds and pods"", ""informal terms for a human head""], ""v"": [""hit on the head, especially with a pitched baseball""]}",image.5854.jpg,n,4.0,"Text Context: After the long meeting, my beans were fried.
Ambiguous Word: beans
---
Sense List:
 1. any of various edible seeds of plants of the family Leguminosae used for food
 2. any of various seeds or fruits that are beans or resemble beans
 3. any of various leguminous plants grown for their edible seeds and pods
 4. informal terms for a human head
---
Image Web Search Results:
The image depicts pills, and the searched web content discusses MDMA and other psychedelics. In slang, ""beans"" is a common term for MDMA pills. The phrase ""my beans were fried"" is slang meaning the user's experience with MDMA was intense or overwhelming. The content discusses the potential for legal access and changing perceptions around drugs like MDMA, which provides context for understanding the cultural relevance of the slang term and the image.
The context sentence ""After the long meeting, my beans were fried"" uses ""beans"" as slang for energy or enthusiasm. The image shows various pills, and the searched web content discusses MDMA (ecstasy), a drug often used recreationally. While not a direct definition of the slang, the content explains how MDMA affects the body – it's a stimulant with both stimulant and mildly hallucinogenic effects. The context of the sentence suggests a depletion of energy (""fried"") after a long meeting, which could ironically be contrasted with the stimulating effects of a drug like MDMA, though the sentence doesn't explicitly mention drug use. The image and content together suggest a possible, though not definitive, connection to the slang usage of ""beans"" referring to a state of being energized or ""up.""
The context sentence ""After the long meeting, my beans were fried"" is likely slang for being extremely tired or exhausted after a mentally taxing experience. The image depicts various pills, specifically ecstasy (MDMA). The searched web content details the effects of MDMA, including fatigue and potential health risks like serotonin syndrome, dehydration, and the importance of hydration. While the sentence doesn't directly relate to the *cause* of the fatigue (i.e., drug use), the image strongly suggests that ""beans"" is being used as slang for ecstasy, and the ""fried"" feeling refers to the after-effects of taking the drug – exhaustion and potential physical strain. The content also highlights the dangers of MDMA use, including potential complications that could contribute to feeling unwell.
The searched web content indicates that ""beans"" is a slang term for Ecstasy (MDMA). An article specifically warns to ""be Careful of Ecstasy, Adam, Hug and Beans,"" suggesting ""beans"" is a street name for the drug. Given the image depicts pills, and the context sentence ""After the long meeting, my beans were fried"" uses slang, it's likely the sentence refers to the effects of taking Ecstasy, where ""fried"" implies being heavily under the influence.

---
You are an expert linguistic annotator. A specific target word found within the context of a given text, and a list of potential senses for that word are provided. Your task is to determine the correct sense by selecting the one that most directly aligns with the context and its background event.
---
Decision Logic & Rules
Follow these rules in order of priority to make your decision:

First, Use web search results to determine whether there is any background information associated with the given image that cannot be discerned solely from its visual elements. If such information exists, prioritize the sense that best fits this background information, even if it is not the most direct match for the visual content.

Directness of Meaning: If no additional background information can be obtained from the web search results, choose the sense that provides the most direct and specific fit for the visual and linguistic context. Even if a perfect match does not exist, select the sense that is the closest indirect match.
---
After all your reasoning is finished, read through the list of senses provided once again, carefully and in detail, one by one. Then, provide your final decision as the format 'A: [sense number]' and end your generation. In here, [sense number] is the index of your chosen sense from the provided list.
","The web search results strongly indicate that ""beans"" is slang for MDMA (Ecstasy) and that ""my beans were fried"" is a phrase used to describe the after-effects of taking the drug – exhaustion and being overwhelmed. The image depicts pills, further supporting this interpretation. While the sentence could *potentially* be interpreted as simply being tired after a meeting, the image and search results make the drug-related meaning far more likely.

A: 1",1.0
261,aurora,Aurora woke the house before breakfast.,"{""n"": [""the first light of day"", ""an atmospheric phenomenon consisting of bands of light caused by charged solar particles following the earth's magnetic lines of force"", ""(Roman mythology) goddess of the dawn; counterpart of Greek Eos""]}",image.6632.jpg,n,3.0,"Text Context: Aurora woke the house before breakfast.
Ambiguous Word: aurora
---
Sense List:
 1. the first light of day
 2. an atmospheric phenomenon consisting of bands of light caused by charged solar particles following the earth's magnetic lines of force
 3. (Roman mythology) goddess of the dawn; counterpart of Greek Eos
---
Image Web Search Results:
The name ""Aurora"" refers to Princess Aurora, the central character in the ballet *Sleeping Beauty*, which is based on the fairy tale *La Belle au bois dormant* (The Beauty Sleeping in the Woods). The image depicts a scene from this story, specifically Prince Florimond finding the sleeping beauty. The Rose Adagio is a famous scene in the ballet where Princess Aurora meets potential suitors. Carlotta Brianza was the original Princess Aurora in the 1890 premiere.
The searched web content reveals that ""Aurora"" is the name of the sleeping princess in the fairy tale ""Sleeping Beauty,"" which is the story depicted in the image. The text details the origins of the story in both Perrault’s and the Brothers Grimm’s collections, and specifically identifies the central character as Aurora, who is cursed to sleep for one hundred years and awakened by a prince’s kiss. This clarifies that ""Aurora"" in the context sentence refers to the princess, not the natural phenomenon.
The name of the princess in the story is Aurora, which is why the sentence ""Aurora woke the house before breakfast"" refers to Sleeping Beauty waking up. The provided web content confirms ""Sleeping Beauty"" as a well-known fairytale, and the title ""The Dark Origins of Sleeping Beauty"" suggests the story has a long history and established characters.

---
You are an expert linguistic annotator. A specific target word found within the context of a given text, and a list of potential senses for that word are provided. Your task is to determine the correct sense by selecting the one that most directly aligns with the context and its background event.
---
Decision Logic & Rules
Follow these rules in order of priority to make your decision:

First, Use web search results to determine whether there is any background information associated with the given image that cannot be discerned solely from its visual elements. If such information exists, prioritize the sense that best fits this background information, even if it is not the most direct match for the visual content.

Directness of Meaning: If no additional background information can be obtained from the web search results, choose the sense that provides the most direct and specific fit for the visual and linguistic context. Even if a perfect match does not exist, select the sense that is the closest indirect match.
---
After all your reasoning is finished, read through the list of senses provided once again, carefully and in detail, one by one. Then, provide your final decision as the format 'A: [sense number]' and end your generation. In here, [sense number] is the index of your chosen sense from the provided list.
","The image depicts a scene from the fairy tale *Sleeping Beauty*, showing Prince Florimond discovering the sleeping princess. The web search results confirm that ""Aurora"" is the name of the princess in this story. Therefore, the ""Aurora"" in the sentence ""Aurora woke the house before breakfast"" refers to the princess, not the dawn or the atmospheric phenomenon.

A: 1",1.0
284,vesta,I bought a book about Vesta yesterday.,"{""n"": [""(Roman mythology) goddess of the hearth and its fire whose flame was tended by vestal virgins; counterpart of Greek Hestia"", ""the brightest asteroid but the fourth to be discovered""]}",image.6815.jpg,n,1.0,"Text Context: I bought a book about Vesta yesterday.
Ambiguous Word: vesta
---
Sense List:
 1. (Roman mythology) goddess of the hearth and its fire whose flame was tended by vestal virgins; counterpart of Greek Hestia
 2. the brightest asteroid but the fourth to be discovered
---
Image Web Search Results:
The searched web content reveals that ""Vesta"" is also the name of a chocolate bar made by Mars, Incorporated. The context sentence ""I bought a book about Vesta yesterday"" could refer to a book about the asteroid Vesta, or a book featuring or related to the Milky Way chocolate bar. The web content includes images and references to the ""Milky Way Chocolate Bar,"" suggesting a possible connection to the ambiguous word ""Vesta"" and the image of the Milky Way galaxy.

---
You are an expert linguistic annotator. A specific target word found within the context of a given text, and a list of potential senses for that word are provided. Your task is to determine the correct sense by selecting the one that most directly aligns with the context and its background event.
---
Decision Logic & Rules
Follow these rules in order of priority to make your decision:

First, Use web search results to determine whether there is any background information associated with the given image that cannot be discerned solely from its visual elements. If such information exists, prioritize the sense that best fits this background information, even if it is not the most direct match for the visual content.

Directness of Meaning: If no additional background information can be obtained from the web search results, choose the sense that provides the most direct and specific fit for the visual and linguistic context. Even if a perfect match does not exist, select the sense that is the closest indirect match.
---
After all your reasoning is finished, read through the list of senses provided once again, carefully and in detail, one by one. Then, provide your final decision as the format 'A: [sense number]' and end your generation. In here, [sense number] is the index of your chosen sense from the provided list.
","The image shows the Milky Way galaxy. The web search results indicate that ""Vesta"" is also the name of a chocolate bar made by Mars, Incorporated, and that the Milky Way chocolate bar is related to the Milky Way galaxy. Given this information, it's plausible that the book purchased was about the Milky Way chocolate bar, and ""Vesta"" is a reference to a related product. While the asteroid Vesta is a valid sense, the connection to the image via the chocolate bar is stronger due to the web search results.

A: 2",2.0
295,alpha,The quick chat after dinner was just the alpha of a long evening together.,"{""n"": [""the 1st letter of the Greek alphabet"", ""the beginning of a series or sequence; --Revelations""], ""a"": [""first in order of importance"", ""early testing stage of a software or hardware product""]}",image.6895.jpg,n,2.0,"Text Context: The quick chat after dinner was just the alpha of a long evening together.
Ambiguous Word: alpha
---
Sense List:
 1. the 1st letter of the Greek alphabet
 2. the beginning of a series or sequence; --Revelations
---
Image Web Search Results:

---
You are an expert linguistic annotator. A specific target word found within the context of a given text, and a list of potential senses for that word are provided. Your task is to determine the correct sense by selecting the one that most directly aligns with the context and its background event.
---
Decision Logic & Rules
Follow these rules in order of priority to make your decision:

First, Use web search results to determine whether there is any background information associated with the given image that cannot be discerned solely from its visual elements. If such information exists, prioritize the sense that best fits this background information, even if it is not the most direct match for the visual content.

Directness of Meaning: If no additional background information can be obtained from the web search results, choose the sense that provides the most direct and specific fit for the visual and linguistic context. Even if a perfect match does not exist, select the sense that is the closest indirect match.
---
After all your reasoning is finished, read through the list of senses provided once again, carefully and in detail, one by one. Then, provide your final decision as the format 'A: [sense number]' and end your generation. In here, [sense number] is the index of your chosen sense from the provided list.
","The image depicts a star system including Alpha Centauri A and B, along with our Sun. This clearly relates to astronomy and star systems. The text uses ""alpha"" in the context of ""the beginning of a series."" However, given the image, the word ""alpha"" is likely referencing the star system Alpha Centauri. Therefore, the first sense, relating to the Greek alphabet, is less relevant. The image provides background information that the text's use of ""alpha"" is likely a reference to the Alpha Centauri star system.

A: 1",1.0
308,steamer,"At the market, I picked up a steamer for dinner.","{""n"": [""a clam that is usually steamed in the shell"", ""a cooking utensil that can be used to cook food by steaming it"", ""a ship powered by one or more steam engines"", ""an edible clam with thin oval-shaped shell found in coastal regions of the United States and Europe""], ""v"": [""travel by means of steam power""]}",image.6984.jpg,n,4.0,"Text Context: At the market, I picked up a steamer for dinner.
Ambiguous Word: steamer
---
Sense List:
 1. a clam that is usually steamed in the shell
 2. a cooking utensil that can be used to cook food by steaming it
 3. a ship powered by one or more steam engines
 4. an edible clam with thin oval-shaped shell found in coastal regions of the United States and Europe
---
Image Web Search Results:
The searched web content reveals that ""steamer"" is a colloquial name for a soft-shell clam, particularly in certain regions. The YouTube video ""Learn to Shellfish - Episode 2 | Softshell Clams or Steamah's!"" explicitly mentions ""Steamah's"" as another name for softshell clams. This clarifies that when someone says they picked up a ""steamer"" for dinner, they are referring to this type of clam, as depicted in the image.

---
You are an expert linguistic annotator. A specific target word found within the context of a given text, and a list of potential senses for that word are provided. Your task is to determine the correct sense by selecting the one that most directly aligns with the context and its background event.
---
Decision Logic & Rules
Follow these rules in order of priority to make your decision:

First, Use web search results to determine whether there is any background information associated with the given image that cannot be discerned solely from its visual elements. If such information exists, prioritize the sense that best fits this background information, even if it is not the most direct match for the visual content.

Directness of Meaning: If no additional background information can be obtained from the web search results, choose the sense that provides the most direct and specific fit for the visual and linguistic context. Even if a perfect match does not exist, select the sense that is the closest indirect match.
---
After all your reasoning is finished, read through the list of senses provided once again, carefully and in detail, one by one. Then, provide your final decision as the format 'A: [sense number]' and end your generation. In here, [sense number] is the index of your chosen sense from the provided list.
","The web search results clearly indicate that ""steamer"" is a colloquial term for a soft-shell clam, especially in certain regions. The image depicts a clam, and the context mentions picking it up for dinner. This aligns perfectly with the definition of a clam being referred to as a ""steamer.""

Therefore, the correct sense is the one that identifies ""steamer"" as a type of clam.

A: 1",1.0
335,force,I force the curtains open every morning.,"{""n"": [""a powerful effect or influence"", ""(physics) the influence that produces a change in a physical quantity"", ""physical energy or intensity"", ""group of people willing to obey orders"", ""a unit that is part of some military service"", ""an act of aggression (as one against a person who resists)"", ""one possessing or exercising power or influence or authority"", ""a group of people having the power of effective action"", ""(of a law) having legal validity"", ""a putout of a base runner who is required to run; the putout is accomplished by holding the ball while touching the base to which the runner must advance before the runner reaches that base""], ""v"": [""to cause to do through pressure or necessity, by physical, moral or intellectual means :"", ""urge or force (a person) to an action; constrain or motivate"", ""move with force,"", ""impose urgently, importunately, or inexorably"", ""squeeze like a wedge into a tight space"", ""force into or from an action or state, either physically or metaphorically"", ""cause to move by pulling"", ""do forcibly; exert force"", ""take by force""]}",image.7182.jpg,v,7.0,"Text Context: I force the curtains open every morning.
Ambiguous Word: force
---
Sense List:
 1. to cause to do through pressure or necessity, by physical, moral or intellectual means :
 2. urge or force (a person) to an action; constrain or motivate
 3. move with force,
 4. impose urgently, importunately, or inexorably
 5. squeeze like a wedge into a tight space
 6. force into or from an action or state, either physically or metaphorically
 7. cause to move by pulling
 8. do forcibly; exert force
 9. take by force
---
Image Web Search Results:
The searched web content discusses a ""force-out"" in baseball, which is a play where a fielder eliminates a runner by forcing them to advance to the next base. This contrasts with the context sentence ""I force the curtains open every morning,"" where ""force"" means to apply physical effort to move something. The image depicts a baseball play, specifically a potential force out at second base, where the fielder is attempting to tag the runner before they reach the base. This highlights the different meanings of the word ""force"" – one relating to physical exertion, and the other a specific term within the rules of baseball.
The image depicts a baseball play, and the searched web content focuses on the baseball term ""force out."" A ""force out"" is a common way to get a batter or runner out in baseball. It occurs when a runner *must* advance to the next base because the batter becomes a runner. A fielder with the ball can then touch the base the runner is forced to go to before the runner reaches it, resulting in an out. The content explains the rules and differences between force plays and tag plays, and provides examples of force outs. This directly relates to the image showing a player attempting to make a play at a base, likely a force out. The word ""force"" in this context is very different from the ""force"" in ""I force the curtains open,"" where it means to apply physical strength. Here, ""force"" refers to a rule-based obligation to run.

---
You are an expert linguistic annotator. A specific target word found within the context of a given text, and a list of potential senses for that word are provided. Your task is to determine the correct sense by selecting the one that most directly aligns with the context and its background event.
---
Decision Logic & Rules
Follow these rules in order of priority to make your decision:

First, Use web search results to determine whether there is any background information associated with the given image that cannot be discerned solely from its visual elements. If such information exists, prioritize the sense that best fits this background information, even if it is not the most direct match for the visual content.

Directness of Meaning: If no additional background information can be obtained from the web search results, choose the sense that provides the most direct and specific fit for the visual and linguistic context. Even if a perfect match does not exist, select the sense that is the closest indirect match.
---
After all your reasoning is finished, read through the list of senses provided once again, carefully and in detail, one by one. Then, provide your final decision as the format 'A: [sense number]' and end your generation. In here, [sense number] is the index of your chosen sense from the provided list.
","The web search results clearly indicate that ""force"" has a specific meaning in baseball, referring to a ""force out"" – a rule-based situation where a runner must advance. The image depicts a baseball play, and the context of the search results confirms this is relevant. While the context sentence ""I force the curtains open"" uses ""force"" in the sense of physical exertion, the image and search results point to the baseball-specific meaning. Therefore, the most appropriate sense is related to the rules of the game, where a runner is *forced* to advance.

A: 3",3.0
346,tender,"At the harbor, the tender was late again.","{""n"": [""something that can be used as an official medium of payment"", ""someone who waits on or tends to or attends to the needs of another"", ""a formal proposal to buy at a specified price"", ""car attached to a locomotive to carry fuel and water"", ""a boat for communication between ship and shore"", ""ship that usually provides supplies to other ships""], ""v"": [""offer or present for acceptance"", ""propose a payment"", ""make a tender of; in legal settlements"", ""make tender or more tender as by marinating, pounding, or applying a tenderizer""], ""a"": [""given to sympathy or gentleness or sentimentality"", ""hurting"", ""young and immature"", ""having or displaying warmth or affection"", ""easy to cut or chew"", ""physically untoughened"", ""(used of boats) inclined to heel over easily under sail"", ""(of plants) not hardy; easily killed by adverse growing condition""]}",image.6519.jpg,n,5.0,"Text Context: At the harbor, the tender was late again.
Ambiguous Word: tender
---
Sense List:
 1. something that can be used as an official medium of payment
 2. someone who waits on or tends to or attends to the needs of another
 3. a formal proposal to buy at a specified price
 4. car attached to a locomotive to carry fuel and water
 5. a boat for communication between ship and shore
 6. ship that usually provides supplies to other ships
---
Image Web Search Results:

---
You are an expert linguistic annotator. A specific target word found within the context of a given text, and a list of potential senses for that word are provided. Your task is to determine the correct sense by selecting the one that most directly aligns with the context and its background event.
---
Decision Logic & Rules
Follow these rules in order of priority to make your decision:

First, Use web search results to determine whether there is any background information associated with the given image that cannot be discerned solely from its visual elements. If such information exists, prioritize the sense that best fits this background information, even if it is not the most direct match for the visual content.

Directness of Meaning: If no additional background information can be obtained from the web search results, choose the sense that provides the most direct and specific fit for the visual and linguistic context. Even if a perfect match does not exist, select the sense that is the closest indirect match.
---
After all your reasoning is finished, read through the list of senses provided once again, carefully and in detail, one by one. Then, provide your final decision as the format 'A: [sense number]' and end your generation. In here, [sense number] is the index of your chosen sense from the provided list.
","The image shows a lifeboat labeled ""CAP SAN DIEGO"" docked at a harbor. The context mentions a ""tender"" being late. Given the image, the ""tender"" is most likely a boat used for communication between a ship and the shore or a ship that provides supplies to other ships. Sense 5 and 6 both fit this description. However, the context ""late again"" suggests a regular service, which aligns better with a boat providing transport or supplies.

Therefore, the most appropriate sense is 6.

A: 6",6.0
356,grape,The grape on the table still looked fresh this morning.,"{""n"": [""any of various juicy fruit of the genus Vitis with green or purple skins; grow in clusters"", ""any of numerous woody vines of genus Vitis bearing clusters of edible berries"", ""a cluster of small projectiles fired together from a cannon to produce a hail of shot""]}",image.7327.jpg,n,1.0,"Text Context: The grape on the table still looked fresh this morning.
Ambiguous Word: grape
---
Sense List:
 1. any of various juicy fruit of the genus Vitis with green or purple skins; grow in clusters
 2. any of numerous woody vines of genus Vitis bearing clusters of edible berries
 3. a cluster of small projectiles fired together from a cannon to produce a hail of shot
---
Image Web Search Results:
The image features several grape varieties including Arnsburger and Blanc du Bois. The search results indicate that Blanc du Bois is a wine grape vine, and Arnsburger was created by Heinrich Birk, a German viticulturist. This suggests the ""grape"" in the context sentence could refer to a wine grape, and the image shows grapes grown for winemaking, aligning with this possibility. The repeated mention of ""Blanc Du Bois Wine Grape Vine Plantable Year Round"" further reinforces this connection.

---
You are an expert linguistic annotator. A specific target word found within the context of a given text, and a list of potential senses for that word are provided. Your task is to determine the correct sense by selecting the one that most directly aligns with the context and its background event.
---
Decision Logic & Rules
Follow these rules in order of priority to make your decision:

First, Use web search results to determine whether there is any background information associated with the given image that cannot be discerned solely from its visual elements. If such information exists, prioritize the sense that best fits this background information, even if it is not the most direct match for the visual content.

Directness of Meaning: If no additional background information can be obtained from the web search results, choose the sense that provides the most direct and specific fit for the visual and linguistic context. Even if a perfect match does not exist, select the sense that is the closest indirect match.
---
After all your reasoning is finished, read through the list of senses provided once again, carefully and in detail, one by one. Then, provide your final decision as the format 'A: [sense number]' and end your generation. In here, [sense number] is the index of your chosen sense from the provided list.
","The web search results indicate the image features wine grape varieties like Blanc du Bois and Arnsburger. This background information strongly suggests that the ""grape"" in the context sentence refers to grapes grown for winemaking. Therefore, sense 1 (any of various juicy fruit of the genus Vitis with green or purple skins; grow in clusters) and sense 2 (any of numerous woody vines of genus Vitis bearing clusters of edible berries) are both relevant, but sense 2 is more fitting given the context of a ""vine"" and the image showing grapes growing on a vine.

A: 2",2.0
445,scene,"At the party, I saw a strange scene unfold.","{""n"": [""the place where some action occurs"", ""an incident (real or imaginary)"", ""the visual percept of a region"", ""a consecutive series of pictures that constitutes a unit of action in a film"", ""a situation treated as an observable object"", ""a subdivision of an act of a play"", ""a display of bad temper"", ""graphic art consisting of the graphic or photographic representation of a visual percept"", ""the context and environment in which something is set"", ""the painted structures of a stage set that are intended to suggest a particular locale""]}",image.7971.jpg,n,2.0,"Text Context: At the party, I saw a strange scene unfold.
Ambiguous Word: scene
---
Sense List:
 1. the place where some action occurs
 2. an incident (real or imaginary)
 3. the visual percept of a region
 4. a consecutive series of pictures that constitutes a unit of action in a film
 5. a situation treated as an observable object
 6. a subdivision of an act of a play
 7. a display of bad temper
 8. graphic art consisting of the graphic or photographic representation of a visual percept
 9. the context and environment in which something is set
 10. the painted structures of a stage set that are intended to suggest a particular locale
---
Image Web Search Results:
The provided text discusses why children are not allowed to ""do whatever they want,"" explaining that rules are in place for learning and safety. It describes how children experience frustration with rules, especially when they feel they lack control, and how these rules evolve as they grow and learn. The image depicts a child in a distressed position, potentially expressing frustration or upset. This aligns with the concept of a ""strange scene unfolding"" at a party, as it could be a child reacting to boundaries or rules, or experiencing emotional distress. The text highlights that feeling overwhelmed by too many decisions can be stressful for children, which could contribute to a visible emotional outburst or a scene unfolding.
The provided text discusses lament, which is a passionate expression of grief or sorrow, often directed towards God. The image depicts a child in a distressed state, potentially experiencing a tantrum or emotional outburst. The text suggests that such displays of strong emotion, while sometimes uncomfortable to witness, can be a sign of spiritual maturity – a confidence in a relationship with a higher power that allows for honest and unrestrained expression of feelings. The text also links this emotional expression to childlike vulnerability and compassion for others' suffering. Therefore, the ""strange scene"" unfolding at the party could be interpreted as a moment of raw, honest emotion, potentially a child expressing distress or grief, and the text provides a framework for understanding this as a potentially meaningful and even spiritually significant event. The image is even credited as ""Tantrum"" by the author.
The provided text discusses a ""scene"" involving a toddler having a public meltdown and the judgmental reactions of onlookers, including the author before becoming a parent. It highlights how quickly people judge situations without knowing the full context – the mother might be overwhelmed, dealing with personal struggles, or have urgent needs (like a broken phone impacting work). The text emphasizes the importance of empathy and recognizing that appearances can be deceiving, and that we often don't know ""What’s Going On"" with others. This relates to the image of a child lying on the ground, potentially in distress, as the ""strange scene"" could be a moment of emotional overwhelm for the child and a challenging situation for the parent, prompting potential judgment from others. The text encourages understanding rather than immediate criticism.
The text describes a scene at a party where a child is having a tantrum and the mother is struggling to cope while being judged by others. This aligns with the image of a child lying on the ground, potentially in the midst of a tantrum, and the ""strange scene"" mentioned in the context sentence could refer to this type of public emotional outburst and the reactions it elicits. The text highlights the lack of understanding and quick judgment people often apply to such situations, emphasizing the unseen struggles a parent might be facing.

---
You are an expert linguistic annotator. A specific target word found within the context of a given text, and a list of potential senses for that word are provided. Your task is to determine the correct sense by selecting the one that most directly aligns with the context and its background event.
---
Decision Logic & Rules
Follow these rules in order of priority to make your decision:

First, Use web search results to determine whether there is any background information associated with the given image that cannot be discerned solely from its visual elements. If such information exists, prioritize the sense that best fits this background information, even if it is not the most direct match for the visual content.

Directness of Meaning: If no additional background information can be obtained from the web search results, choose the sense that provides the most direct and specific fit for the visual and linguistic context. Even if a perfect match does not exist, select the sense that is the closest indirect match.
---
After all your reasoning is finished, read through the list of senses provided once again, carefully and in detail, one by one. Then, provide your final decision as the format 'A: [sense number]' and end your generation. In here, [sense number] is the index of your chosen sense from the provided list.
","The web search results consistently point to the ""scene"" being an unfolding event, specifically a child's emotional outburst or tantrum at a party, and the reactions of those witnessing it. The text emphasizes the judgment and lack of understanding surrounding such events. The image directly depicts a child in a distressed position, which visually supports this interpretation.

Therefore, the most appropriate sense is **5. a situation treated as an observable object**. This sense encompasses the entire event – the child's distress, the mother's struggle, and the onlookers' reactions – as a single, observable ""scene.""

A: 5",5.0
446,dip,"As she stirred, the spoon dipped into the tea for a moment.","{""n"": [""a depression in an otherwise level surface"", ""(physics) the angle that a magnetic needle makes with the plane of the horizon"", ""a thief who steals from the pockets or purses of others in public places"", ""tasty mixture or liquid into which bite-sized foods are dipped"", ""a brief immersion"", ""a sudden sharp decrease in some quantity"", ""a candle that is made by repeated dipping in a pool of wax or tallow"", ""a brief swim in water"", ""a gymnastic exercise on the parallel bars in which the body is lowered and raised by bending and straightening the arms""], ""v"": [""immerse briefly into a liquid so as to wet, coat, or saturate"", ""dip into a liquid while eating"", ""go down momentarily"", ""stain an object by immersing it in a liquid"", ""take a small amount from"", ""switch (a car's headlights) from a higher to a lower beam"", ""lower briefly"", ""appear to move downward"", ""slope downwards"", ""dip into a liquid"", ""place (candle wicks) into hot, liquid wax"", ""immerse in a disinfectant solution"", ""plunge (one's hand or a receptacle) into a container"", ""scoop up by plunging one's hand or a ladle below the surface""]}",image.7975.jpg,v,10.0,"Text Context: As she stirred, the spoon dipped into the tea for a moment.
Ambiguous Word: dip
---
Sense List:
 1. immerse briefly into a liquid so as to wet, coat, or saturate
 2. dip into a liquid while eating
 3. go down momentarily
 4. stain an object by immersing it in a liquid
 5. take a small amount from
 6. switch (a car's headlights) from a higher to a lower beam
 7. lower briefly
 8. appear to move downward
 9. slope downwards
 10. dip into a liquid
 11. place (candle wicks) into hot, liquid wax
 12. immerse in a disinfectant solution
 13. plunge (one's hand or a receptacle) into a container
 14. scoop up by plunging one's hand or a ladle below the surface
---
Image Web Search Results:

---
You are an expert linguistic annotator. A specific target word found within the context of a given text, and a list of potential senses for that word are provided. Your task is to determine the correct sense by selecting the one that most directly aligns with the context and its background event.
---
Decision Logic & Rules
Follow these rules in order of priority to make your decision:

First, Use web search results to determine whether there is any background information associated with the given image that cannot be discerned solely from its visual elements. If such information exists, prioritize the sense that best fits this background information, even if it is not the most direct match for the visual content.

Directness of Meaning: If no additional background information can be obtained from the web search results, choose the sense that provides the most direct and specific fit for the visual and linguistic context. Even if a perfect match does not exist, select the sense that is the closest indirect match.
---
After all your reasoning is finished, read through the list of senses provided once again, carefully and in detail, one by one. Then, provide your final decision as the format 'A: [sense number]' and end your generation. In here, [sense number] is the index of your chosen sense from the provided list.
","The image shows people swimming in turquoise water. The text describes a spoon dipping into tea. The word ""dip"" in the text refers to the action of briefly immersing something into a liquid. This aligns with the visual of people immersing themselves in water.

Considering the senses provided, the most appropriate sense is:

1. immerse briefly into a liquid so as to wet, coat, or saturate

A: 1",1.0
454,circle,I found a small circle on the kitchen table.,"{""n"": [""ellipse in which the two axes are of equal length; a plane curve generated by one point moving at a constant distance from a fixed point"", ""an unofficial association of people or groups"", ""something approximating the shape of a circle"", ""movement once around a course"", ""a road junction at which traffic streams circularly around a central island"", ""street names for flunitrazepan"", ""a curved section or tier of seats in a hall or theater or opera house; usually the first tier above the orchestra"", ""any circular or rotating mechanism""], ""v"": [""travel around something"", ""move in circles"", ""form a circle around""]}",image.8037.jpg,n,3.0,"Text Context: I found a small circle on the kitchen table.
Ambiguous Word: circle
---
Sense List:
 1. ellipse in which the two axes are of equal length; a plane curve generated by one point moving at a constant distance from a fixed point
 2. an unofficial association of people or groups
 3. something approximating the shape of a circle
 4. movement once around a course
 5. a road junction at which traffic streams circularly around a central island
 6. street names for flunitrazepan
 7. a curved section or tier of seats in a hall or theater or opera house; usually the first tier above the orchestra
 8. any circular or rotating mechanism
---
Image Web Search Results:
The searched web content discusses ""The Cartesian Circle,"" a philosophical problem concerning René Descartes' attempt to prove the existence of God and the reliability of clear and distinct perceptions. The ""circle"" refers to a logical fallacy where Descartes assumes the very thing he is trying to prove – that clear and distinct perceptions are reliable – as a premise in his argument for God's existence. This concept of a ""circle"" as a logical flaw or a self-referential argument is distinct from the geometric shape implied by the context sentence (""I found a small circle on the kitchen table."") and the image (a circular opening). The web content provides a specific, philosophical definition of ""circle"" that contrasts with its more common, geometric meaning.
The provided text discusses telescopes, specifically Schmidt-Cassegrain telescopes, and mentions eyepieces with focal lengths like 40-mm, 18-mm, 12-mm, and 9-mm. These eyepieces are used with telescopes to magnify images. The image shows a circular opening, and in the context of telescopes, a circular aperture is a key component – the opening through which light enters the telescope. The ""circle"" in the image could be referencing the aperture of a telescope, or the shape of an eyepiece. Therefore, the context of the image relates to the scientific use of circles in optical instruments.
The searched web content discusses telescopes, specifically Schmidt-Cassegrain telescopes, and explains how a circular aperture (the opening of the telescope) results in a circular field of view. It also notes that when the image is out of focus, a point light source appears as a donut shape with a hole in the center – this hole is the shadow of the secondary mirror. This relates to the image because the image shows a circular opening with a dark center, similar to the described ""donut image"" seen through a telescope when it's out of focus. The context of a ""circle"" in the image could therefore be related to the optical properties of a telescope and how light is focused through it.
The searched web content discusses ""circular field of view"" in the context of telescopes. It explains how the field of view (FOV) is measured and relates to the declination of astronomical objects. The image depicts a circular opening, and the text provides context for understanding ""circle"" as referring to a defined area of observation, like the view through a telescope, rather than a simple geometric shape on a kitchen table. The text also mentions that a circular field of view can be much larger than what is seen through an ordinary optical telescope.
The image depicts a circular opening at the top of the Toghrol Tower in Rey, Iran. The Wikimedia Commons files specifically identify this image as a view looking up into the tower, showcasing a large circular opening to the sky. This relates to the ambiguous word ""circle"" as it demonstrates a physical, architectural circle, contrasting with the potentially smaller, more abstract ""circle"" mentioned in the context sentence (""I found a small circle on the kitchen table""). The image provides a concrete example of a circle as a geometric shape and architectural feature.

---
You are an expert linguistic annotator. A specific target word found within the context of a given text, and a list of potential senses for that word are provided. Your task is to determine the correct sense by selecting the one that most directly aligns with the context and its background event.
---
Decision Logic & Rules
Follow these rules in order of priority to make your decision:

First, Use web search results to determine whether there is any background information associated with the given image that cannot be discerned solely from its visual elements. If such information exists, prioritize the sense that best fits this background information, even if it is not the most direct match for the visual content.

Directness of Meaning: If no additional background information can be obtained from the web search results, choose the sense that provides the most direct and specific fit for the visual and linguistic context. Even if a perfect match does not exist, select the sense that is the closest indirect match.
---
After all your reasoning is finished, read through the list of senses provided once again, carefully and in detail, one by one. Then, provide your final decision as the format 'A: [sense number]' and end your generation. In here, [sense number] is the index of your chosen sense from the provided list.
","The image shows a circular opening looking up into a tower. The web search results confirm this is the Toghrol Tower in Iran, and the opening is a key architectural feature. The context sentence mentions finding a ""circle"" on a kitchen table. While the image *is* a circle, the web search results highlight the architectural context, making sense 1 (""ellipse in which the two axes are of equal length; a plane curve generated by one point moving at a constant distance from a fixed point"") the most appropriate. The other senses are less relevant – the image doesn't depict an association of people (sense 2), a movement (sense 4), a road junction (sense 5), a drug (sense 6), seating (sense 7), or a rotating mechanism (sense 8). The image is a physical manifestation of a geometric shape, and the context sentence could easily refer to a drawn or physical circle.

A: 1",1.0
455,milk,I need milk for the recipe.,"{""n"": [""a white nutritious liquid secreted by mammals and used as food by human beings"", ""produced by mammary glands of female mammals for feeding their young"", ""a river that rises in the Rockies in northwestern Montana and flows eastward to become a tributary of the Missouri River"", ""any of several nutritive milklike liquids""], ""v"": [""take milk from female mammals"", ""exploit as much as possible"", ""add milk to""]}",image.3854.jpg,n,4.0,"Text Context: I need milk for the recipe.
Ambiguous Word: milk
---
Sense List:
 1. a white nutritious liquid secreted by mammals and used as food by human beings
 2. produced by mammary glands of female mammals for feeding their young
 3. a river that rises in the Rockies in northwestern Montana and flows eastward to become a tributary of the Missouri River
 4. any of several nutritive milklike liquids
---
Image Web Search Results:
The searched web content references ""Doce de Leite"" (aka dulce de leche), which is a caramel-like spread. Given the entities identified in the image include ""Dulce de leche"" and ""Condensed Milk"", it's likely the ""milk"" needed for the recipe is intended for making dulce de leche. Dulce de leche is traditionally made by slowly heating sweetened milk until it thickens and caramelizes. Therefore, the image likely depicts milk being used as an ingredient *to make* dulce de leche, rather than simply being a glass of milk itself.
The image likely depicts milk being used to make *Doce de Leite Cremoso*, a traditional Latin American dessert (specifically Brazilian). This dessert is made with whole milk and sweetened condensed milk, along with sugar, baking soda, and vanilla extract. The recipe involves a long cooking process (1-2 hours) to achieve a creamy, caramelized consistency. The resulting product can be enjoyed on its own or used as an ingredient in other desserts like pastries and cakes. Therefore, the ""milk"" needed for the recipe refers to an ingredient in this specific dessert preparation.
The searched web content heavily focuses on ""Doce de Leche,"" which is described as a cooked condensed milk or caramel sauce originating from Brazil. Several sources provide recipes for making it, indicating it's a popular homemade treat. Given the image shows a glass of a creamy, light-brown liquid, and the entities include ""Dulce de leche"" and ""Condensed Milk"", it's highly likely the ""milk"" needed for the recipe is intended to be used in *making* Dulce de Leche, rather than simply drinking a glass of milk. The context sentence ""I need milk for the recipe"" therefore refers to milk as an *ingredient* for this specific dessert.

---
You are an expert linguistic annotator. A specific target word found within the context of a given text, and a list of potential senses for that word are provided. Your task is to determine the correct sense by selecting the one that most directly aligns with the context and its background event.
---
Decision Logic & Rules
Follow these rules in order of priority to make your decision:

First, Use web search results to determine whether there is any background information associated with the given image that cannot be discerned solely from its visual elements. If such information exists, prioritize the sense that best fits this background information, even if it is not the most direct match for the visual content.

Directness of Meaning: If no additional background information can be obtained from the web search results, choose the sense that provides the most direct and specific fit for the visual and linguistic context. Even if a perfect match does not exist, select the sense that is the closest indirect match.
---
After all your reasoning is finished, read through the list of senses provided once again, carefully and in detail, one by one. Then, provide your final decision as the format 'A: [sense number]' and end your generation. In here, [sense number] is the index of your chosen sense from the provided list.
","The web search results strongly suggest the ""milk"" in the context refers to milk being used as an ingredient to *make* Doce de Leite (dulce de leche), a caramel-like spread. This is a specific use of milk beyond simply being a drink. While sense 1 (""a white nutritious liquid secreted by mammals and used as food by human beings"") is a general definition of milk, it doesn't capture the specific context of using milk *in a recipe* for a dessert. Sense 4 (""any of several nutritive milklike liquids"") is also too broad. The context implies a specific culinary application.

Therefore, the most appropriate sense is the one that acknowledges milk as an ingredient in a recipe, specifically for making Doce de Leite. While none of the senses *directly* state this, sense 1 is the closest general definition that allows for this interpretation, given the web search results.

A: 1",1.0
